2,1291,5,20,31,40.7283403913721,-73.9973802602004,40.7208888934451,-73.99691854183821
6,1669,5,26,31,40.740438978596295,-73.9764947237677,40.7208888934451,-73.99691854183821
7,3748,5,59,31,40.7345760073316,-74.00287495910841,40.7208888934451,-73.99691854183821
2,2803,5,44,31,40.7238881100415,-74.0015375656563,40.7208888934451,-73.99691854183821
3,1310,5,20,50,40.7283403913721,-73.9973802602004,40.749914077902005,-73.9704425686924
3,3011,5,47,50,40.7598176171916,-73.9841964890757,40.749914077902005,-73.9704425686924
4,3011,5,47,50,40.7598176171916,-73.9841964890757,40.749914077902005,-73.9704425686924
2,2318,5,36,50,40.7580280435261,-73.977697931224,40.749914077902005,-73.9704425686924
5,2318,5,36,50,40.7580280435261,-73.977697931224,40.749914077902005,-73.9704425686924
5,2318,5,36,50,40.7580280435261,-73.977697931224,40.749914077902005,-73.9704425686924
6,2318,5,36,50,40.7580280435261,-73.977697931224,40.749914077902005,-73.9704425686924
7,3263,5,51,50,40.7403374417568,-73.9904578235473,40.749914077902005,-73.9704425686924
2,2066,5,32,50,40.718938359380104,-73.9908962618473,40.749914077902005,-73.9704425686924
2,3767,5,59,50,40.7345760073316,-74.00287495910841,40.749914077902005,-73.9704425686924
4,1940,5,30,50,40.775965228760796,-73.987645549444,40.749914077902005,-73.9704425686924
4,2444,5,38,50,40.7644214057866,-73.9775686822272,40.749914077902005,-73.9704425686924
6,2381,5,37,50,40.7566876521886,-73.9723559435203,40.749914077902005,-73.9704425686924
6,2381,5,37,50,40.7566876521886,-73.9723559435203,40.749914077902005,-73.9704425686924
2,1184,5,18,50,40.736824057618705,-73.9840521326891,40.749914077902005,-73.9704425686924
5,1184,5,18,50,40.736824057618705,-73.9840521326891,40.749914077902005,-73.9704425686924
2,1319,5,20,59,40.7283403913721,-73.9973802602004,40.7345760073316,-74.00287495910841
6,3020,5,47,59,40.7598176171916,-73.9841964890757,40.7345760073316,-74.00287495910841
7,2327,5,36,59,40.7580280435261,-73.977697931224,40.7345760073316,-74.00287495910841
2,3272,5,51,59,40.7403374417568,-73.9904578235473,40.7345760073316,-74.00287495910841
6,2642,5,41,59,40.7477457936437,-73.9784915996522,40.7345760073316,-74.00287495910841
3,3776,5,59,59,40.7345760073316,-74.00287495910841,40.7345760073316,-74.00287495910841
7,2516,5,39,59,40.7485746293565,-73.9851563946769,40.7345760073316,-74.00287495910841
6,1193,5,18,59,40.736824057618705,-73.9840521326891,40.7345760073316,-74.00287495910841
6,941,5,14,59,40.7068084516657,-74.00749598562429,40.7345760073316,-74.00287495910841
6,3083,5,48,59,40.717772736265005,-74.00787970866399,40.7345760073316,-74.00287495910841
3,1278,5,20,18,40.7283403913721,-73.9973802602004,40.736824057618705,-73.9840521326891
4,1278,5,20,18,40.7283403913721,-73.9973802602004,40.736824057618705,-73.9840521326891
4,837,5,13,18,40.7276201959094,-73.9859374568246,40.736824057618705,-73.9840521326891
6,837,5,13,18,40.7276201959094,-73.9859374568246,40.736824057618705,-73.9840521326891
4,2601,5,41,18,40.7477457936437,-73.9784915996522,40.736824057618705,-73.9840521326891
5,2601,5,41,18,40.7477457936437,-73.9784915996522,40.736824057618705,-73.9840521326891
5,2601,5,41,18,40.7477457936437,-73.9784915996522,40.736824057618705,-73.9840521326891
3,3735,5,59,18,40.7345760073316,-74.00287495910841,40.736824057618705,-73.9840521326891
7,2475,5,39,18,40.7485746293565,-73.9851563946769,40.736824057618705,-73.9840521326891
6,648,5,10,18,40.7484275550655,-73.9999174202472,40.736824057618705,-73.9840521326891
7,648,5,10,18,40.7484275550655,-73.9999174202472,40.736824057618705,-73.9840521326891
2,1026,5,16,18,40.742278629012105,-73.99697141558359,40.736824057618705,-73.9840521326891
4,2349,5,37,18,40.7566876521886,-73.9723559435203,40.736824057618705,-73.9840521326891
6,2349,5,37,18,40.7566876521886,-73.9723559435203,40.736824057618705,-73.9840521326891
2,3042,5,48,18,40.717772736265005,-74.00787970866399,40.736824057618705,-73.9840521326891
4,2223,5,35,18,40.7350354006965,-74.0089841047853,40.736824057618705,-73.9840521326891
5,2223,5,35,18,40.7350354006965,-74.0089841047853,40.736824057618705,-73.9840521326891
4,1322,5,20,62,40.7283403913721,-73.9973802602004,40.7787658554342,-73.9510098748181
2,2330,5,36,62,40.7580280435261,-73.977697931224,40.7787658554342,-73.9510098748181
7,2330,5,36,62,40.7580280435261,-73.977697931224,40.7787658554342,-73.9510098748181
7,2330,5,36,62,40.7580280435261,-73.977697931224,40.7787658554342,-73.9510098748181
3,566,5,8,62,40.7622527553192,-73.989844643133,40.7787658554342,-73.9510098748181
3,1826,5,28,62,40.766948216383,-73.9596347414917,40.7787658554342,-73.9510098748181
5,2645,5,41,62,40.7477457936437,-73.9784915996522,40.7787658554342,-73.9510098748181
3,3338,5,52,62,40.7804364371898,-73.9570116983574,40.7787658554342,-73.9510098748181
4,3212,5,50,62,40.749914077902005,-73.9704425686924,40.7787658554342,-73.9510098748181
6,944,5,14,62,40.7068084516657,-74.00749598562429,40.7787658554342,-73.9510098748181
7,944,5,14,62,40.7068084516657,-74.00749598562429,40.7787658554342,-73.9510098748181
6,3401,5,53,62,40.7686151838113,-73.96563453538059,40.7787658554342,-73.9510098748181
6,62,5,0,62,40.723752141584605,-73.9769682569177,40.7787658554342,-73.9510098748181
5,2015,5,31,62,40.7208888934451,-73.99691854183821,40.7787658554342,-73.9510098748181
7,2015,5,31,62,40.7208888934451,-73.99691854183821,40.7787658554342,-73.9510098748181
6,1763,5,27,62,40.7654840878896,-73.954738783805,40.7787658554342,-73.9510098748181
7,1511,5,23,62,40.726290410281,-74.0074858180095,40.7787658554342,-73.9510098748181
4,1297,5,20,37,40.7283403913721,-73.9973802602004,40.7566876521886,-73.9723559435203
5,2998,5,47,37,40.7598176171916,-73.9841964890757,40.7566876521886,-73.9723559435203
2,2998,5,47,37,40.7598176171916,-73.9841964890757,40.7566876521886,-73.9723559435203
5,2998,5,47,37,40.7598176171916,-73.9841964890757,40.7566876521886,-73.9723559435203
7,2998,5,47,37,40.7598176171916,-73.9841964890757,40.7566876521886,-73.9723559435203
7,2998,5,47,37,40.7598176171916,-73.9841964890757,40.7566876521886,-73.9723559435203
3,2305,5,36,37,40.7580280435261,-73.977697931224,40.7566876521886,-73.9723559435203
4,2305,5,36,37,40.7580280435261,-73.977697931224,40.7566876521886,-73.9723559435203
7,2305,5,36,37,40.7580280435261,-73.977697931224,40.7566876521886,-73.9723559435203
7,1801,5,28,37,40.766948216383,-73.9596347414917,40.7566876521886,-73.9723559435203
4,3502,5,55,37,40.7839614303136,-73.97863194845091,40.7566876521886,-73.9723559435203
4,2620,5,41,37,40.7477457936437,-73.9784915996522,40.7566876521886,-73.9723559435203
6,1108,5,17,37,40.7535127587255,-73.9887865991153,40.7566876521886,-73.9723559435203
7,2431,5,38,37,40.7644214057866,-73.9775686822272,40.7566876521886,-73.9723559435203
3,2368,5,37,37,40.7566876521886,-73.9723559435203,40.7566876521886,-73.9723559435203
6,2368,5,37,37,40.7566876521886,-73.9723559435203,40.7566876521886,-73.9723559435203
7,2242,5,35,37,40.7350354006965,-74.0089841047853,40.7566876521886,-73.9723559435203
5,3376,5,53,37,40.7686151838113,-73.96563453538059,40.7566876521886,-73.9723559435203
5,478,5,7,37,40.7124593117793,-73.9981514989905,40.7566876521886,-73.9723559435203
2,1738,5,27,37,40.7654840878896,-73.954738783805,40.7566876521886,-73.9723559435203
4,1292,5,20,32,40.7283403913721,-73.9973802602004,40.718938359380104,-73.9908962618473
4,2993,5,47,32,40.7598176171916,-73.9841964890757,40.718938359380104,-73.9908962618473
5,2300,5,36,32,40.7580280435261,-73.977697931224,40.718938359380104,-73.9908962618473
5,3245,5,51,32,40.7403374417568,-73.9904578235473,40.718938359380104,-73.9908962618473
6,2048,5,32,32,40.718938359380104,-73.9908962618473,40.718938359380104,-73.9908962618473
2,851,5,13,32,40.7276201959094,-73.9859374568246,40.718938359380104,-73.9908962618473
3,851,5,13,32,40.7276201959094,-73.9859374568246,40.718938359380104,-73.9908962618473
5,851,5,13,32,40.7276201959094,-73.9859374568246,40.718938359380104,-73.9908962618473
7,851,5,13,32,40.7276201959094,-73.9859374568246,40.718938359380104,-73.9908962618473
5,1670,5,26,32,40.740438978596295,-73.9764947237677,40.718938359380104,-73.9908962618473
7,1166,5,18,32,40.736824057618705,-73.9840521326891,40.718938359380104,-73.9908962618473
5,3182,5,50,32,40.749914077902005,-73.9704425686924,40.718938359380104,-73.9908962618473
6,3056,5,48,32,40.717772736265005,-74.00787970866399,40.718938359380104,-73.9908962618473
4,1985,5,31,32,40.7208888934451,-73.99691854183821,40.718938359380104,-73.9908962618473
4,1268,5,20,8,40.7283403913721,-73.9973802602004,40.7622527553192,-73.989844643133
6,1268,5,20,8,40.7283403913721,-73.9973802602004,40.7622527553192,-73.989844643133
7,1268,5,20,8,40.7283403913721,-73.9973802602004,40.7622527553192,-73.989844643133
7,2969,5,47,8,40.7598176171916,-73.9841964890757,40.7622527553192,-73.989844643133
3,2276,5,36,8,40.7580280435261,-73.977697931224,40.7622527553192,-73.989844643133
3,2276,5,36,8,40.7580280435261,-73.977697931224,40.7622527553192,-73.989844643133
4,2276,5,36,8,40.7580280435261,-73.977697931224,40.7622527553192,-73.989844643133
4,2276,5,36,8,40.7580280435261,-73.977697931224,40.7622527553192,-73.989844643133
6,2276,5,36,8,40.7580280435261,-73.977697931224,40.7622527553192,-73.989844643133
7,2276,5,36,8,40.7580280435261,-73.977697931224,40.7622527553192,-73.989844643133
7,2276,5,36,8,40.7580280435261,-73.977697931224,40.7622527553192,-73.989844643133
3,3221,5,51,8,40.7403374417568,-73.9904578235473,40.7622527553192,-73.989844643133
4,2528,5,40,8,40.8094569611251,-73.9617635968292,40.7622527553192,-73.989844643133
5,1835,5,29,8,40.7736332930269,-73.98153220639179,40.7622527553192,-73.989844643133
5,512,5,8,8,40.7622527553192,-73.989844643133,40.7622527553192,-73.989844643133
3,386,5,6,8,40.782478099747706,-73.96555356545909,40.7622527553192,-73.989844643133
3,2591,5,41,8,40.7477457936437,-73.9784915996522,40.7622527553192,-73.989844643133
6,2591,5,41,8,40.7477457936437,-73.9784915996522,40.7622527553192,-73.989844643133
3,2465,5,39,8,40.7485746293565,-73.9851563946769,40.7622527553192,-73.989844643133
5,2465,5,39,8,40.7485746293565,-73.9851563946769,40.7622527553192,-73.989844643133
4,638,5,10,8,40.7484275550655,-73.9999174202472,40.7622527553192,-73.989844643133
4,638,5,10,8,40.7484275550655,-73.9999174202472,40.7622527553192,-73.989844643133
6,638,5,10,8,40.7484275550655,-73.9999174202472,40.7622527553192,-73.989844643133
2,2402,5,38,8,40.7644214057866,-73.9775686822272,40.7622527553192,-73.989844643133
7,1016,5,16,8,40.742278629012105,-73.99697141558359,40.7622527553192,-73.989844643133
7,2339,5,37,8,40.7566876521886,-73.9723559435203,40.7622527553192,-73.989844643133
6,2654,5,42,8,40.748497181404794,-73.99243753697608,40.7622527553192,-73.989844643133
3,3788,5,60,8,40.7091389406717,-74.01302277174901,40.7622527553192,-73.989844643133
4,3788,5,60,8,40.7091389406717,-74.01302277174901,40.7622527553192,-73.989844643133
7,2906,5,46,8,40.7567289416329,-73.9651457991842,40.7622527553192,-73.989844643133
6,1299,5,20,39,40.7283403913721,-73.9973802602004,40.7485746293565,-73.9851563946769
2,3000,5,47,39,40.7598176171916,-73.9841964890757,40.7485746293565,-73.9851563946769
3,3000,5,47,39,40.7598176171916,-73.9841964890757,40.7485746293565,-73.9851563946769
4,3000,5,47,39,40.7598176171916,-73.9841964890757,40.7485746293565,-73.9851563946769
5,3000,5,47,39,40.7598176171916,-73.9841964890757,40.7485746293565,-73.9851563946769
4,1236,5,19,39,40.7325790730268,-73.9943047705117,40.7485746293565,-73.9851563946769
2,543,5,8,39,40.7622527553192,-73.989844643133,40.7485746293565,-73.9851563946769
3,1803,5,28,39,40.766948216383,-73.9596347414917,40.7485746293565,-73.9851563946769
3,2622,5,41,39,40.7477457936437,-73.9784915996522,40.7485746293565,-73.9851563946769
3,2496,5,39,39,40.7485746293565,-73.9851563946769,40.7485746293565,-73.9851563946769
7,2496,5,39,39,40.7485746293565,-73.9851563946769,40.7485746293565,-73.9851563946769
7,669,5,10,39,40.7484275550655,-73.9999174202472,40.7485746293565,-73.9851563946769
3,2370,5,37,39,40.7566876521886,-73.9723559435203,40.7485746293565,-73.9851563946769
7,1173,5,18,39,40.736824057618705,-73.9840521326891,40.7485746293565,-73.9851563946769
6,921,5,14,39,40.7068084516657,-74.00749598562429,40.7485746293565,-73.9851563946769
6,2811,5,44,39,40.7238881100415,-74.0015375656563,40.7485746293565,-73.9851563946769
7,1488,5,23,39,40.726290410281,-74.0074858180095,40.7485746293565,-73.9851563946769
7,1307,5,20,47,40.7283403913721,-73.9973802602004,40.7598176171916,-73.9841964890757
3,3008,5,47,47,40.7598176171916,-73.9841964890757,40.7598176171916,-73.9841964890757
3,3008,5,47,47,40.7598176171916,-73.9841964890757,40.7598176171916,-73.9841964890757
6,3260,5,51,47,40.7403374417568,-73.9904578235473,40.7598176171916,-73.9841964890757
6,3260,5,51,47,40.7403374417568,-73.9904578235473,40.7598176171916,-73.9841964890757
5,2630,5,41,47,40.7477457936437,-73.9784915996522,40.7598176171916,-73.9841964890757
4,3764,5,59,47,40.7345760073316,-74.00287495910841,40.7598176171916,-73.9841964890757
5,677,5,10,47,40.7484275550655,-73.9999174202472,40.7598176171916,-73.9841964890757
7,2693,5,42,47,40.748497181404794,-73.99243753697608,40.7598176171916,-73.9841964890757
5,3197,5,50,47,40.749914077902005,-73.9704425686924,40.7598176171916,-73.9841964890757
7,3197,5,50,47,40.749914077902005,-73.9704425686924,40.7598176171916,-73.9841964890757
7,3827,5,60,47,40.7091389406717,-74.01302277174901,40.7598176171916,-73.9841964890757
7,1273,5,20,13,40.7283403913721,-73.9973802602004,40.7276201959094,-73.9859374568246
4,2974,5,47,13,40.7598176171916,-73.9841964890757,40.7276201959094,-73.9859374568246
4,2974,5,47,13,40.7598176171916,-73.9841964890757,40.7276201959094,-73.9859374568246
6,2974,5,47,13,40.7598176171916,-73.9841964890757,40.7276201959094,-73.9859374568246
7,2974,5,47,13,40.7598176171916,-73.9841964890757,40.7276201959094,-73.9859374568246
6,2281,5,36,13,40.7580280435261,-73.977697931224,40.7276201959094,-73.9859374568246
3,3226,5,51,13,40.7403374417568,-73.9904578235473,40.7276201959094,-73.9859374568246
4,3226,5,51,13,40.7403374417568,-73.9904578235473,40.7276201959094,-73.9859374568246
7,3226,5,51,13,40.7403374417568,-73.9904578235473,40.7276201959094,-73.9859374568246
3,2029,5,32,13,40.718938359380104,-73.9908962618473,40.7276201959094,-73.9859374568246
5,2029,5,32,13,40.718938359380104,-73.9908962618473,40.7276201959094,-73.9859374568246
6,2029,5,32,13,40.718938359380104,-73.9908962618473,40.7276201959094,-73.9859374568246
6,2029,5,32,13,40.718938359380104,-73.9908962618473,40.7276201959094,-73.9859374568246
3,832,5,13,13,40.7276201959094,-73.9859374568246,40.7276201959094,-73.9859374568246
5,832,5,13,13,40.7276201959094,-73.9859374568246,40.7276201959094,-73.9859374568246
5,3478,5,55,13,40.7839614303136,-73.97863194845091,40.7276201959094,-73.9859374568246
5,3478,5,55,13,40.7839614303136,-73.97863194845091,40.7276201959094,-73.9859374568246
6,1084,5,17,13,40.7535127587255,-73.9887865991153,40.7276201959094,-73.9859374568246
6,2344,5,37,13,40.7566876521886,-73.9723559435203,40.7276201959094,-73.9859374568246
3,2659,5,42,13,40.748497181404794,-73.99243753697608,40.7276201959094,-73.9859374568246
6,2659,5,42,13,40.748497181404794,-73.99243753697608,40.7276201959094,-73.9859374568246
4,3037,5,48,13,40.717772736265005,-74.00787970866399,40.7276201959094,-73.9859374568246
7,2218,5,35,13,40.7350354006965,-74.0089841047853,40.7276201959094,-73.9859374568246
5,13,5,0,13,40.723752141584605,-73.9769682569177,40.7276201959094,-73.9859374568246
6,1966,5,31,13,40.7208888934451,-73.99691854183821,40.7276201959094,-73.9859374568246
4,2785,5,44,13,40.7238881100415,-74.0015375656563,40.7276201959094,-73.9859374568246
4,2785,5,44,13,40.7238881100415,-74.0015375656563,40.7276201959094,-73.9859374568246
6,139,5,2,13,40.712038157074296,-74.01607915192929,40.7276201959094,-73.9859374568246
7,1276,5,20,16,40.7283403913721,-73.9973802602004,40.742278629012105,-73.99697141558359
7,1276,5,20,16,40.7283403913721,-73.9973802602004,40.742278629012105,-73.99697141558359
4,1843,5,29,16,40.7736332930269,-73.98153220639179,40.742278629012105,-73.99697141558359
3,1213,5,19,16,40.7325790730268,-73.9943047705117,40.742278629012105,-73.99697141558359
7,520,5,8,16,40.7622527553192,-73.989844643133,40.742278629012105,-73.99697141558359
2,2410,5,38,16,40.7644214057866,-73.9775686822272,40.742278629012105,-73.99697141558359
6,2410,5,38,16,40.7644214057866,-73.9775686822272,40.742278629012105,-73.99697141558359
7,2410,5,38,16,40.7644214057866,-73.9775686822272,40.742278629012105,-73.99697141558359
6,2662,5,42,16,40.748497181404794,-73.99243753697608,40.742278629012105,-73.99697141558359
2,2221,5,35,16,40.7350354006965,-74.0089841047853,40.742278629012105,-73.99697141558359
4,2725,5,43,16,40.7090727427929,-74.003664563299,40.742278629012105,-73.99697141558359
7,1302,5,20,42,40.7283403913721,-73.9973802602004,40.748497181404794,-73.99243753697608
6,3003,5,47,42,40.7598176171916,-73.9841964890757,40.748497181404794,-73.99243753697608
6,3003,5,47,42,40.7598176171916,-73.9841964890757,40.748497181404794,-73.99243753697608
4,2310,5,36,42,40.7580280435261,-73.977697931224,40.748497181404794,-73.99243753697608
6,2310,5,36,42,40.7580280435261,-73.977697931224,40.748497181404794,-73.99243753697608
7,2310,5,36,42,40.7580280435261,-73.977697931224,40.748497181404794,-73.99243753697608
3,1806,5,28,42,40.766948216383,-73.9596347414917,40.748497181404794,-73.99243753697608
6,2436,5,38,42,40.7644214057866,-73.9775686822272,40.748497181404794,-73.99243753697608
6,2436,5,38,42,40.7644214057866,-73.9775686822272,40.748497181404794,-73.99243753697608
7,2436,5,38,42,40.7644214057866,-73.9775686822272,40.748497181404794,-73.99243753697608
6,2373,5,37,42,40.7566876521886,-73.9723559435203,40.748497181404794,-73.99243753697608
7,1176,5,18,42,40.736824057618705,-73.9840521326891,40.748497181404794,-73.99243753697608
7,1280,5,20,20,40.7283403913721,-73.9973802602004,40.7283403913721,-73.9973802602004
6,3233,5,51,20,40.7403374417568,-73.9904578235473,40.7283403913721,-73.9973802602004
3,839,5,13,20,40.7276201959094,-73.9859374568246,40.7283403913721,-73.9973802602004
7,1217,5,19,20,40.7325790730268,-73.9943047705117,40.7283403913721,-73.9973802602004
7,1658,5,26,20,40.740438978596295,-73.9764947237677,40.7283403913721,-73.9973802602004
5,2351,5,37,20,40.7566876521886,-73.9723559435203,40.7283403913721,-73.9973802602004
3,965,5,15,20,40.703357903236,-74.0115150292232,40.7283403913721,-73.9973802602004
5,3044,5,48,20,40.717772736265005,-74.00787970866399,40.7283403913721,-73.9973802602004
6,3359,5,53,20,40.7686151838113,-73.96563453538059,40.7283403913721,-73.9973802602004
7,1260,5,20,0,40.7283403913721,-73.9973802602004,40.723752141584605,-73.9769682569177
2,2961,5,47,0,40.7598176171916,-73.9841964890757,40.723752141584605,-73.9769682569177
5,3213,5,51,0,40.7403374417568,-73.9904578235473,40.723752141584605,-73.9769682569177
5,3213,5,51,0,40.7403374417568,-73.9904578235473,40.723752141584605,-73.9769682569177
7,819,5,13,0,40.7276201959094,-73.9859374568246,40.723752141584605,-73.9769682569177
7,819,5,13,0,40.7276201959094,-73.9859374568246,40.723752141584605,-73.9769682569177
7,2457,5,39,0,40.7485746293565,-73.9851563946769,40.723752141584605,-73.9769682569177
6,1008,5,16,0,40.742278629012105,-73.99697141558359,40.723752141584605,-73.9769682569177
7,1008,5,16,0,40.742278629012105,-73.99697141558359,40.723752141584605,-73.9769682569177
3,1134,5,18,0,40.736824057618705,-73.9840521326891,40.723752141584605,-73.9769682569177
6,1953,5,31,0,40.7208888934451,-73.99691854183821,40.723752141584605,-73.9769682569177
2,2997,5,47,36,40.7598176171916,-73.9841964890757,40.7580280435261,-73.977697931224
3,2997,5,47,36,40.7598176171916,-73.9841964890757,40.7580280435261,-73.977697931224
4,2997,5,47,36,40.7598176171916,-73.9841964890757,40.7580280435261,-73.977697931224
4,2997,5,47,36,40.7598176171916,-73.9841964890757,40.7580280435261,-73.977697931224
4,2997,5,47,36,40.7598176171916,-73.9841964890757,40.7580280435261,-73.977697931224
5,2997,5,47,36,40.7598176171916,-73.9841964890757,40.7580280435261,-73.977697931224
6,2997,5,47,36,40.7598176171916,-73.9841964890757,40.7580280435261,-73.977697931224
6,2997,5,47,36,40.7598176171916,-73.9841964890757,40.7580280435261,-73.977697931224
2,3249,5,51,36,40.7403374417568,-73.9904578235473,40.7580280435261,-73.977697931224
3,3249,5,51,36,40.7403374417568,-73.9904578235473,40.7580280435261,-73.977697931224
7,3249,5,51,36,40.7403374417568,-73.9904578235473,40.7580280435261,-73.977697931224
4,414,5,6,36,40.782478099747706,-73.96555356545909,40.7580280435261,-73.977697931224
6,2619,5,41,36,40.7477457936437,-73.9784915996522,40.7580280435261,-73.977697931224
4,666,5,10,36,40.7484275550655,-73.9999174202472,40.7580280435261,-73.977697931224
6,2367,5,37,36,40.7566876521886,-73.9723559435203,40.7580280435261,-73.977697931224
7,2367,5,37,36,40.7566876521886,-73.9723559435203,40.7580280435261,-73.977697931224
2,3375,5,53,36,40.7686151838113,-73.96563453538059,40.7580280435261,-73.977697931224
3,3007,5,47,46,40.7598176171916,-73.9841964890757,40.7567289416329,-73.9651457991842
6,3007,5,47,46,40.7598176171916,-73.9841964890757,40.7567289416329,-73.9651457991842
6,2314,5,36,46,40.7580280435261,-73.977697931224,40.7567289416329,-73.9651457991842
7,2062,5,32,46,40.718938359380104,-73.9908962618473,40.7567289416329,-73.9651457991842
5,865,5,13,46,40.7276201959094,-73.9859374568246,40.7567289416329,-73.9651457991842
7,1873,5,29,46,40.7736332930269,-73.98153220639179,40.7567289416329,-73.9651457991842
7,1873,5,29,46,40.7736332930269,-73.98153220639179,40.7567289416329,-73.9651457991842
6,3952,5,62,46,40.7787658554342,-73.9510098748181,40.7567289416329,-73.9651457991842
6,3952,5,62,46,40.7787658554342,-73.9510098748181,40.7567289416329,-73.9651457991842
6,1810,5,28,46,40.766948216383,-73.9596347414917,40.7567289416329,-73.9651457991842
2,2440,5,38,46,40.7644214057866,-73.9775686822272,40.7567289416329,-73.9651457991842
2,2440,5,38,46,40.7644214057866,-73.9775686822272,40.7567289416329,-73.9651457991842
7,2440,5,38,46,40.7644214057866,-73.9775686822272,40.7567289416329,-73.9651457991842
7,2944,5,46,46,40.7567289416329,-73.9651457991842,40.7567289416329,-73.9651457991842
2,2988,5,47,27,40.7598176171916,-73.9841964890757,40.7654840878896,-73.954738783805
6,2988,5,47,27,40.7598176171916,-73.9841964890757,40.7654840878896,-73.954738783805
5,2295,5,36,27,40.7580280435261,-73.977697931224,40.7654840878896,-73.954738783805
7,2295,5,36,27,40.7580280435261,-73.977697931224,40.7654840878896,-73.954738783805
6,594,5,9,27,40.766237725041705,-73.9951352207552,40.7654840878896,-73.954738783805
6,1854,5,29,27,40.7736332930269,-73.98153220639179,40.7654840878896,-73.954738783805
3,531,5,8,27,40.7622527553192,-73.989844643133,40.7654840878896,-73.954738783805
7,1791,5,28,27,40.766948216383,-73.9596347414917,40.7654840878896,-73.954738783805
7,2610,5,41,27,40.7477457936437,-73.9784915996522,40.7654840878896,-73.954738783805
4,1098,5,17,27,40.7535127587255,-73.9887865991153,40.7654840878896,-73.954738783805
3,2358,5,37,27,40.7566876521886,-73.9723559435203,40.7654840878896,-73.954738783805
5,2358,5,37,27,40.7566876521886,-73.9723559435203,40.7654840878896,-73.954738783805
6,2862,5,45,27,40.7318206360166,-73.9765976732334,40.7654840878896,-73.954738783805
7,3870,5,61,27,40.775932403149795,-73.9465103560147,40.7654840878896,-73.954738783805
4,2999,5,47,38,40.7598176171916,-73.9841964890757,40.7644214057866,-73.9775686822272
7,2306,5,36,38,40.7580280435261,-73.977697931224,40.7644214057866,-73.9775686822272
7,605,5,9,38,40.766237725041705,-73.9951352207552,40.7644214057866,-73.9775686822272
2,542,5,8,38,40.7622527553192,-73.989844643133,40.7644214057866,-73.9775686822272
4,542,5,8,38,40.7622527553192,-73.989844643133,40.7644214057866,-73.9775686822272
5,3503,5,55,38,40.7839614303136,-73.97863194845091,40.7644214057866,-73.9775686822272
5,3755,5,59,38,40.7345760073316,-74.00287495910841,40.7644214057866,-73.9775686822272
7,668,5,10,38,40.7484275550655,-73.9999174202472,40.7644214057866,-73.9775686822272
5,1109,5,17,38,40.7535127587255,-73.9887865991153,40.7644214057866,-73.9775686822272
5,2432,5,38,38,40.7644214057866,-73.9775686822272,40.7644214057866,-73.9775686822272
6,2369,5,37,38,40.7566876521886,-73.9723559435203,40.7644214057866,-73.9775686822272
6,2968,5,47,7,40.7598176171916,-73.9841964890757,40.7124593117793,-73.9981514989905
7,826,5,13,7,40.7276201959094,-73.9859374568246,40.7124593117793,-73.9981514989905
2,3012,5,47,51,40.7598176171916,-73.9841964890757,40.7403374417568,-73.9904578235473
4,3012,5,47,51,40.7598176171916,-73.9841964890757,40.7403374417568,-73.9904578235473
6,3012,5,47,51,40.7598176171916,-73.9841964890757,40.7403374417568,-73.9904578235473
4,2319,5,36,51,40.7580280435261,-73.977697931224,40.7403374417568,-73.9904578235473
5,3264,5,51,51,40.7403374417568,-73.9904578235473,40.7403374417568,-73.9904578235473
3,1248,5,19,51,40.7325790730268,-73.9943047705117,40.7403374417568,-73.9904578235473
5,1248,5,19,51,40.7325790730268,-73.9943047705117,40.7403374417568,-73.9904578235473
6,1248,5,19,51,40.7325790730268,-73.9943047705117,40.7403374417568,-73.9904578235473
6,555,5,8,51,40.7622527553192,-73.989844643133,40.7403374417568,-73.9904578235473
7,555,5,8,51,40.7622527553192,-73.989844643133,40.7403374417568,-73.9904578235473
2,1815,5,28,51,40.766948216383,-73.9596347414917,40.7403374417568,-73.9904578235473
4,2634,5,41,51,40.7477457936437,-73.9784915996522,40.7403374417568,-73.9904578235473
7,2256,5,35,51,40.7350354006965,-74.0089841047853,40.7403374417568,-73.9904578235473
7,3390,5,53,51,40.7686151838113,-73.96563453538059,40.7403374417568,-73.9904578235473
4,3019,5,47,58,40.7598176171916,-73.9841964890757,40.7533090659832,-74.0040151252867
6,2326,5,36,58,40.7580280435261,-73.977697931224,40.7533090659832,-74.0040151252867
4,562,5,8,58,40.7622527553192,-73.989844643133,40.7533090659832,-74.0040151252867
7,562,5,8,58,40.7622527553192,-73.989844643133,40.7533090659832,-74.0040151252867
7,3775,5,59,58,40.7345760073316,-74.00287495910841,40.7533090659832,-74.0040151252867
6,688,5,10,58,40.7484275550655,-73.9999174202472,40.7533090659832,-74.0040151252867
3,2452,5,38,58,40.7644214057866,-73.9775686822272,40.7533090659832,-74.0040151252867
4,2452,5,38,58,40.7644214057866,-73.9775686822272,40.7533090659832,-74.0040151252867
7,1066,5,16,58,40.742278629012105,-73.99697141558359,40.7533090659832,-74.0040151252867
7,1066,5,16,58,40.742278629012105,-73.99697141558359,40.7533090659832,-74.0040151252867
6,2389,5,37,58,40.7566876521886,-73.9723559435203,40.7533090659832,-74.0040151252867
6,2263,5,35,58,40.7350354006965,-74.0089841047853,40.7533090659832,-74.0040151252867
3,3460,5,54,58,40.791704934426896,-73.97304890061591,40.7533090659832,-74.0040151252867
5,2965,5,47,4,40.7598176171916,-73.9841964890757,40.8043339497944,-73.9512920024351
3,697,5,11,4,40.801169480586296,-73.9373456081249,40.8043339497944,-73.9512920024351
7,697,5,11,4,40.801169480586296,-73.9373456081249,40.8043339497944,-73.9512920024351
4,3469,5,55,4,40.7839614303136,-73.97863194845091,40.8043339497944,-73.9512920024351
3,2083,5,33,4,40.7979619930999,-73.96816833309241,40.8043339497944,-73.9512920024351
4,2587,5,41,4,40.7477457936437,-73.9784915996522,40.8043339497944,-73.9512920024351
4,3280,5,52,4,40.7804364371898,-73.9570116983574,40.8043339497944,-73.9512920024351
4,3658,5,58,4,40.7533090659832,-74.0040151252867,40.8043339497944,-73.9512920024351
7,2398,5,38,4,40.7644214057866,-73.9775686822272,40.8043339497944,-73.9512920024351
4,2994,5,47,33,40.7598176171916,-73.9841964890757,40.7979619930999,-73.96816833309241
6,2994,5,47,33,40.7598176171916,-73.9841964890757,40.7979619930999,-73.96816833309241
7,2301,5,36,33,40.7580280435261,-73.977697931224,40.7979619930999,-73.96816833309241
7,2301,5,36,33,40.7580280435261,-73.977697931224,40.7979619930999,-73.96816833309241
6,2553,5,40,33,40.8094569611251,-73.9617635968292,40.7979619930999,-73.96816833309241
3,1860,5,29,33,40.7736332930269,-73.98153220639179,40.7979619930999,-73.96816833309241
7,285,5,4,33,40.8043339497944,-73.9512920024351,40.7979619930999,-73.96816833309241
3,3498,5,55,33,40.7839614303136,-73.97863194845091,40.7979619930999,-73.96816833309241
7,3498,5,55,33,40.7839614303136,-73.97863194845091,40.7979619930999,-73.96816833309241
7,3498,5,55,33,40.7839614303136,-73.97863194845091,40.7979619930999,-73.96816833309241
4,222,5,3,33,40.8019704938994,-73.9654795151697,40.7979619930999,-73.96816833309241
5,2427,5,38,33,40.7644214057866,-73.9775686822272,40.7979619930999,-73.96816833309241
2,3014,5,47,53,40.7598176171916,-73.9841964890757,40.7686151838113,-73.96563453538059
5,2321,5,36,53,40.7580280435261,-73.977697931224,40.7686151838113,-73.96563453538059
7,2321,5,36,53,40.7580280435261,-73.977697931224,40.7686151838113,-73.96563453538059
2,557,5,8,53,40.7622527553192,-73.989844643133,40.7686151838113,-73.96563453538059
2,431,5,6,53,40.782478099747706,-73.96555356545909,40.7686151838113,-73.96563453538059
6,2510,5,39,53,40.7485746293565,-73.9851563946769,40.7686151838113,-73.96563453538059
6,3707,5,58,53,40.7533090659832,-74.0040151252867,40.7686151838113,-73.96563453538059
4,683,5,10,53,40.7484275550655,-73.9999174202472,40.7686151838113,-73.96563453538059
4,1124,5,17,53,40.7535127587255,-73.9887865991153,40.7686151838113,-73.96563453538059
7,1124,5,17,53,40.7535127587255,-73.9887865991153,40.7686151838113,-73.96563453538059
3,2447,5,38,53,40.7644214057866,-73.9775686822272,40.7686151838113,-73.96563453538059
5,2447,5,38,53,40.7644214057866,-73.9775686822272,40.7686151838113,-73.96563453538059
6,1754,5,27,53,40.7654840878896,-73.954738783805,40.7686151838113,-73.96563453538059
7,1502,5,23,53,40.726290410281,-74.0074858180095,40.7686151838113,-73.96563453538059
2,3013,5,47,52,40.7598176171916,-73.9841964890757,40.7804364371898,-73.9570116983574
2,3013,5,47,52,40.7598176171916,-73.9841964890757,40.7804364371898,-73.9570116983574
5,2320,5,36,52,40.7580280435261,-73.977697931224,40.7804364371898,-73.9570116983574
6,2320,5,36,52,40.7580280435261,-73.977697931224,40.7804364371898,-73.9570116983574
7,2320,5,36,52,40.7580280435261,-73.977697931224,40.7804364371898,-73.9570116983574
4,1879,5,29,52,40.7736332930269,-73.98153220639179,40.7804364371898,-73.9570116983574
5,1879,5,29,52,40.7736332930269,-73.98153220639179,40.7804364371898,-73.9570116983574
4,1249,5,19,52,40.7325790730268,-73.9943047705117,40.7804364371898,-73.9570116983574
7,3958,5,62,52,40.7787658554342,-73.9510098748181,40.7804364371898,-73.9570116983574
4,1816,5,28,52,40.766948216383,-73.9596347414917,40.7804364371898,-73.9570116983574
7,2131,5,33,52,40.7979619930999,-73.96816833309241,40.7804364371898,-73.9570116983574
3,2635,5,41,52,40.7477457936437,-73.9784915996522,40.7804364371898,-73.9570116983574
5,2635,5,41,52,40.7477457936437,-73.9784915996522,40.7804364371898,-73.9570116983574
7,3328,5,52,52,40.7804364371898,-73.9570116983574,40.7804364371898,-73.9570116983574
6,2446,5,38,52,40.7644214057866,-73.9775686822272,40.7804364371898,-73.9570116983574
5,2383,5,37,52,40.7566876521886,-73.9723559435203,40.7804364371898,-73.9570116983574
7,2383,5,37,52,40.7566876521886,-73.9723559435203,40.7804364371898,-73.9570116983574
6,1753,5,27,52,40.7654840878896,-73.954738783805,40.7804364371898,-73.9570116983574
7,1753,5,27,52,40.7654840878896,-73.954738783805,40.7804364371898,-73.9570116983574
2,3016,5,47,55,40.7598176171916,-73.9841964890757,40.7839614303136,-73.97863194845091
7,2071,5,32,55,40.718938359380104,-73.9908962618473,40.7839614303136,-73.97863194845091
2,622,5,9,55,40.766237725041705,-73.9951352207552,40.7839614303136,-73.97863194845091
7,1882,5,29,55,40.7736332930269,-73.98153220639179,40.7839614303136,-73.97863194845091
6,559,5,8,55,40.7622527553192,-73.989844643133,40.7839614303136,-73.97863194845091
7,559,5,8,55,40.7622527553192,-73.989844643133,40.7839614303136,-73.97863194845091
7,2512,5,39,55,40.7485746293565,-73.9851563946769,40.7839614303136,-73.97863194845091
6,685,5,10,55,40.7484275550655,-73.9999174202472,40.7839614303136,-73.97863194845091
4,3457,5,54,55,40.791704934426896,-73.97304890061591,40.7839614303136,-73.97863194845091
4,3457,5,54,55,40.791704934426896,-73.97304890061591,40.7839614303136,-73.97863194845091
2,3001,5,47,40,40.7598176171916,-73.9841964890757,40.8094569611251,-73.9617635968292
4,2560,5,40,40,40.8094569611251,-73.9617635968292,40.8094569611251,-73.9617635968292
5,2623,5,41,40,40.7477457936437,-73.9784915996522,40.8094569611251,-73.9617635968292
3,670,5,10,40,40.7484275550655,-73.9999174202472,40.8094569611251,-73.9617635968292
6,3442,5,54,40,40.791704934426896,-73.97304890061591,40.8094569611251,-73.9617635968292
2,2978,5,47,17,40.7598176171916,-73.9841964890757,40.7535127587255,-73.9887865991153
4,2978,5,47,17,40.7598176171916,-73.9841964890757,40.7535127587255,-73.9887865991153
4,2285,5,36,17,40.7580280435261,-73.977697931224,40.7535127587255,-73.9887865991153
6,2285,5,36,17,40.7580280435261,-73.977697931224,40.7535127587255,-73.9887865991153
2,2474,5,39,17,40.7485746293565,-73.9851563946769,40.7535127587255,-73.9887865991153
5,2474,5,39,17,40.7485746293565,-73.9851563946769,40.7535127587255,-73.9887865991153
7,647,5,10,17,40.7484275550655,-73.9999174202472,40.7535127587255,-73.9887865991153
6,1088,5,17,17,40.7535127587255,-73.9887865991153,40.7535127587255,-73.9887865991153
7,2348,5,37,17,40.7566876521886,-73.9723559435203,40.7535127587255,-73.9887865991153
3,962,5,15,17,40.703357903236,-74.0115150292232,40.7535127587255,-73.9887865991153
5,2971,5,47,10,40.7598176171916,-73.9841964890757,40.7484275550655,-73.9999174202472
2,2278,5,36,10,40.7580280435261,-73.977697931224,40.7484275550655,-73.9999174202472
7,829,5,13,10,40.7276201959094,-73.9859374568246,40.7484275550655,-73.9999174202472
7,514,5,8,10,40.7622527553192,-73.989844643133,40.7484275550655,-73.9999174202472
7,514,5,8,10,40.7622527553192,-73.989844643133,40.7484275550655,-73.9999174202472
5,388,5,6,10,40.782478099747706,-73.96555356545909,40.7484275550655,-73.9999174202472
5,3727,5,59,10,40.7345760073316,-74.00287495910841,40.7484275550655,-73.9999174202472
6,2467,5,39,10,40.7485746293565,-73.9851563946769,40.7484275550655,-73.9999174202472
7,2467,5,39,10,40.7485746293565,-73.9851563946769,40.7484275550655,-73.9999174202472
6,640,5,10,10,40.7484275550655,-73.9999174202472,40.7484275550655,-73.9999174202472
6,640,5,10,10,40.7484275550655,-73.9999174202472,40.7484275550655,-73.9999174202472
6,640,5,10,10,40.7484275550655,-73.9999174202472,40.7484275550655,-73.9999174202472
7,2341,5,37,10,40.7566876521886,-73.9723559435203,40.7484275550655,-73.9999174202472
2,3790,5,60,10,40.7091389406717,-74.01302277174901,40.7484275550655,-73.9999174202472
6,3034,5,48,10,40.717772736265005,-74.00787970866399,40.7484275550655,-73.9999174202472
7,2215,5,35,10,40.7350354006965,-74.0089841047853,40.7484275550655,-73.9999174202472
5,2970,5,47,9,40.7598176171916,-73.9841964890757,40.766237725041705,-73.9951352207552
4,2277,5,36,9,40.7580280435261,-73.977697931224,40.766237725041705,-73.9951352207552
6,576,5,9,9,40.766237725041705,-73.9951352207552,40.766237725041705,-73.9951352207552
2,1836,5,29,9,40.7736332930269,-73.98153220639179,40.766237725041705,-73.9951352207552
5,1836,5,29,9,40.7736332930269,-73.98153220639179,40.766237725041705,-73.9951352207552
4,513,5,8,9,40.7622527553192,-73.989844643133,40.766237725041705,-73.9951352207552
5,3915,5,62,9,40.7787658554342,-73.9510098748181,40.766237725041705,-73.9951352207552
3,639,5,10,9,40.7484275550655,-73.9999174202472,40.766237725041705,-73.9951352207552
4,639,5,10,9,40.7484275550655,-73.9999174202472,40.766237725041705,-73.9951352207552
7,1899,5,30,9,40.775965228760796,-73.987645549444,40.766237725041705,-73.9951352207552
4,3348,5,53,9,40.7686151838113,-73.96563453538059,40.766237725041705,-73.9951352207552
5,9,5,0,9,40.723752141584605,-73.9769682569177,40.766237725041705,-73.9951352207552
5,450,5,7,9,40.7124593117793,-73.9981514989905,40.766237725041705,-73.9951352207552
5,2991,5,47,30,40.7598176171916,-73.9841964890757,40.775965228760796,-73.987645549444
7,2991,5,47,30,40.7598176171916,-73.9841964890757,40.775965228760796,-73.987645549444
7,849,5,13,30,40.7276201959094,-73.9859374568246,40.775965228760796,-73.987645549444
2,1857,5,29,30,40.7736332930269,-73.98153220639179,40.775965228760796,-73.987645549444
3,1857,5,29,30,40.7736332930269,-73.98153220639179,40.775965228760796,-73.987645549444
4,1857,5,29,30,40.7736332930269,-73.98153220639179,40.775965228760796,-73.987645549444
2,534,5,8,30,40.7622527553192,-73.989844643133,40.775965228760796,-73.987645549444
4,534,5,8,30,40.7622527553192,-73.989844643133,40.775965228760796,-73.987645549444
3,2613,5,41,30,40.7477457936437,-73.9784915996522,40.775965228760796,-73.987645549444
4,2613,5,41,30,40.7477457936437,-73.9784915996522,40.775965228760796,-73.987645549444
5,3180,5,50,30,40.749914077902005,-73.9704425686924,40.775965228760796,-73.987645549444
7,3054,5,48,30,40.717772736265005,-74.00787970866399,40.775965228760796,-73.987645549444
2,3369,5,53,30,40.7686151838113,-73.96563453538059,40.775965228760796,-73.987645549444
7,3002,5,47,41,40.7598176171916,-73.9841964890757,40.7477457936437,-73.9784915996522
7,3002,5,47,41,40.7598176171916,-73.9841964890757,40.7477457936437,-73.9784915996522
6,2309,5,36,41,40.7580280435261,-73.977697931224,40.7477457936437,-73.9784915996522
7,2309,5,36,41,40.7580280435261,-73.977697931224,40.7477457936437,-73.9784915996522
7,2309,5,36,41,40.7580280435261,-73.977697931224,40.7477457936437,-73.9784915996522
5,3254,5,51,41,40.7403374417568,-73.9904578235473,40.7477457936437,-73.9784915996522
6,1868,5,29,41,40.7736332930269,-73.98153220639179,40.7477457936437,-73.9784915996522
6,545,5,8,41,40.7622527553192,-73.989844643133,40.7477457936437,-73.9784915996522
7,545,5,8,41,40.7622527553192,-73.989844643133,40.7477457936437,-73.9784915996522
5,1805,5,28,41,40.766948216383,-73.9596347414917,40.7477457936437,-73.9784915996522
6,419,5,6,41,40.782478099747706,-73.96555356545909,40.7477457936437,-73.9784915996522
6,1679,5,26,41,40.740438978596295,-73.9764947237677,40.7477457936437,-73.9784915996522
3,2624,5,41,41,40.7477457936437,-73.9784915996522,40.7477457936437,-73.9784915996522
3,2624,5,41,41,40.7477457936437,-73.9784915996522,40.7477457936437,-73.9784915996522
5,2624,5,41,41,40.7477457936437,-73.9784915996522,40.7477457936437,-73.9784915996522
7,3758,5,59,41,40.7345760073316,-74.00287495910841,40.7477457936437,-73.9784915996522
5,2498,5,39,41,40.7485746293565,-73.9851563946769,40.7477457936437,-73.9784915996522
2,1112,5,17,41,40.7535127587255,-73.9887865991153,40.7477457936437,-73.9784915996522
4,2372,5,37,41,40.7566876521886,-73.9723559435203,40.7477457936437,-73.9784915996522
5,2372,5,37,41,40.7566876521886,-73.9723559435203,40.7477457936437,-73.9784915996522
5,2372,5,37,41,40.7566876521886,-73.9723559435203,40.7477457936437,-73.9784915996522
5,2372,5,37,41,40.7566876521886,-73.9723559435203,40.7477457936437,-73.9784915996522
7,2372,5,37,41,40.7566876521886,-73.9723559435203,40.7477457936437,-73.9784915996522
6,1175,5,18,41,40.736824057618705,-73.9840521326891,40.7477457936437,-73.9784915996522
6,1175,5,18,41,40.736824057618705,-73.9840521326891,40.7477457936437,-73.9784915996522
3,3065,5,48,41,40.717772736265005,-74.00787970866399,40.7477457936437,-73.9784915996522
4,2246,5,35,41,40.7350354006965,-74.0089841047853,40.7477457936437,-73.9784915996522
7,3380,5,53,41,40.7686151838113,-73.96563453538059,40.7477457936437,-73.9784915996522
3,41,5,0,41,40.723752141584605,-73.9769682569177,40.7477457936437,-73.9784915996522
5,41,5,0,41,40.723752141584605,-73.9769682569177,40.7477457936437,-73.9784915996522
7,41,5,0,41,40.723752141584605,-73.9769682569177,40.7477457936437,-73.9784915996522
6,1742,5,27,41,40.7654840878896,-73.954738783805,40.7477457936437,-73.9784915996522
7,2975,5,47,14,40.7598176171916,-73.9841964890757,40.7068084516657,-74.00749598562429
4,2282,5,36,14,40.7580280435261,-73.977697931224,40.7068084516657,-74.00749598562429
7,2282,5,36,14,40.7580280435261,-73.977697931224,40.7068084516657,-74.00749598562429
6,3227,5,51,14,40.7403374417568,-73.9904578235473,40.7068084516657,-74.00749598562429
2,2030,5,32,14,40.718938359380104,-73.9908962618473,40.7068084516657,-74.00749598562429
7,2030,5,32,14,40.718938359380104,-73.9908962618473,40.7068084516657,-74.00749598562429
7,1652,5,26,14,40.740438978596295,-73.9764947237677,40.7068084516657,-74.00749598562429
7,644,5,10,14,40.7484275550655,-73.9999174202472,40.7068084516657,-74.00749598562429
5,1148,5,18,14,40.736824057618705,-73.9840521326891,40.7068084516657,-74.00749598562429
6,1148,5,18,14,40.736824057618705,-73.9840521326891,40.7068084516657,-74.00749598562429
6,3038,5,48,14,40.717772736265005,-74.00787970866399,40.7068084516657,-74.00749598562429
7,3021,5,47,60,40.7598176171916,-73.9841964890757,40.7091389406717,-74.01302277174901
4,879,5,13,60,40.7276201959094,-73.9859374568246,40.7091389406717,-74.01302277174901
5,3084,5,48,60,40.717772736265005,-74.00787970866399,40.7091389406717,-74.01302277174901
6,2769,5,43,60,40.7090727427929,-74.003664563299,40.7091389406717,-74.01302277174901
7,3015,5,47,54,40.7598176171916,-73.9841964890757,40.791704934426896,-73.97304890061591
3,2070,5,32,54,40.718938359380104,-73.9908962618473,40.791704934426896,-73.97304890061591
5,2070,5,32,54,40.718938359380104,-73.9908962618473,40.791704934426896,-73.97304890061591
2,810,5,12,54,40.790010751495295,-73.94575026755159,40.791704934426896,-73.97304890061591
4,810,5,12,54,40.790010751495295,-73.94575026755159,40.791704934426896,-73.97304890061591
4,558,5,8,54,40.7622527553192,-73.989844643133,40.791704934426896,-73.97304890061591
3,1818,5,28,54,40.766948216383,-73.9596347414917,40.791704934426896,-73.97304890061591
2,3519,5,55,54,40.7839614303136,-73.97863194845091,40.791704934426896,-73.97304890061591
3,3519,5,55,54,40.7839614303136,-73.97863194845091,40.791704934426896,-73.97304890061591
6,3330,5,52,54,40.7804364371898,-73.9570116983574,40.791704934426896,-73.97304890061591
4,1944,5,30,54,40.775965228760796,-73.987645549444,40.791704934426896,-73.97304890061591
7,999,5,15,54,40.703357903236,-74.0115150292232,40.791704934426896,-73.97304890061591
6,3393,5,53,54,40.7686151838113,-73.96563453538059,40.791704934426896,-73.97304890061591
7,3022,5,47,61,40.7598176171916,-73.9841964890757,40.775932403149795,-73.9465103560147
5,2518,5,39,61,40.7485746293565,-73.9851563946769,40.775932403149795,-73.9465103560147
6,2289,5,36,21,40.7580280435261,-73.977697931224,40.827012654925205,-73.9485217302088
2,2541,5,40,21,40.8094569611251,-73.9617635968292,40.827012654925205,-73.9485217302088
5,2037,5,32,21,40.718938359380104,-73.9908962618473,40.827012654925205,-73.9485217302088
6,840,5,13,21,40.7276201959094,-73.9859374568246,40.827012654925205,-73.9485217302088
2,525,5,8,21,40.7622527553192,-73.989844643133,40.827012654925205,-73.9485217302088
4,525,5,8,21,40.7622527553192,-73.989844643133,40.827012654925205,-73.9485217302088
4,525,5,8,21,40.7622527553192,-73.989844643133,40.827012654925205,-73.9485217302088
3,273,5,4,21,40.8043339497944,-73.9512920024351,40.827012654925205,-73.9485217302088
7,273,5,4,21,40.8043339497944,-73.9512920024351,40.827012654925205,-73.9485217302088
5,714,5,11,21,40.801169480586296,-73.9373456081249,40.827012654925205,-73.9485217302088
6,2415,5,38,21,40.7644214057866,-73.9775686822272,40.827012654925205,-73.9485217302088
6,1029,5,16,21,40.742278629012105,-73.99697141558359,40.827012654925205,-73.9485217302088
2,2667,5,42,21,40.748497181404794,-73.99243753697608,40.827012654925205,-73.9485217302088
5,3612,5,57,21,40.8417087711194,-73.94139910573641,40.827012654925205,-73.9485217302088
6,2279,5,36,11,40.7580280435261,-73.977697931224,40.801169480586296,-73.9373456081249
5,263,5,4,11,40.8043339497944,-73.9512920024351,40.801169480586296,-73.9373456081249
7,3413,5,54,11,40.791704934426896,-73.97304890061591,40.801169480586296,-73.9373456081249
7,326,5,5,11,40.818257861119,-73.94077166756259,40.801169480586296,-73.9373456081249
4,2296,5,36,28,40.7580280435261,-73.977697931224,40.766948216383,-73.9596347414917
5,2296,5,36,28,40.7580280435261,-73.977697931224,40.766948216383,-73.9596347414917
4,847,5,13,28,40.7276201959094,-73.9859374568246,40.766948216383,-73.9596347414917
7,847,5,13,28,40.7276201959094,-73.9859374568246,40.766948216383,-73.9596347414917
7,1855,5,29,28,40.7736332930269,-73.98153220639179,40.766948216383,-73.9596347414917
5,1225,5,19,28,40.7325790730268,-73.9943047705117,40.766948216383,-73.9596347414917
2,532,5,8,28,40.7622527553192,-73.989844643133,40.766948216383,-73.9596347414917
3,532,5,8,28,40.7622527553192,-73.989844643133,40.766948216383,-73.9596347414917
4,3934,5,62,28,40.7787658554342,-73.9510098748181,40.766948216383,-73.9596347414917
2,1099,5,17,28,40.7535127587255,-73.9887865991153,40.766948216383,-73.9596347414917
7,3367,5,53,28,40.7686151838113,-73.96563453538059,40.766948216383,-73.9596347414917
4,2926,5,46,28,40.7567289416329,-73.9651457991842,40.766948216383,-73.9596347414917
5,2316,5,36,48,40.7580280435261,-73.977697931224,40.717772736265005,-74.00787970866399
5,615,5,9,48,40.766237725041705,-73.9951352207552,40.717772736265005,-74.00787970866399
4,1245,5,19,48,40.7325790730268,-73.9943047705117,40.717772736265005,-74.00787970866399
6,1245,5,19,48,40.7325790730268,-73.9943047705117,40.717772736265005,-74.00787970866399
5,426,5,6,48,40.782478099747706,-73.96555356545909,40.717772736265005,-74.00787970866399
4,2631,5,41,48,40.7477457936437,-73.9784915996522,40.717772736265005,-74.00787970866399
4,3765,5,59,48,40.7345760073316,-74.00287495910841,40.717772736265005,-74.00787970866399
4,2505,5,39,48,40.7485746293565,-73.9851563946769,40.717772736265005,-74.00787970866399
7,3828,5,60,48,40.7091389406717,-74.01302277174901,40.717772736265005,-74.00787970866399
5,3072,5,48,48,40.717772736265005,-74.00787970866399,40.717772736265005,-74.00787970866399
5,3072,5,48,48,40.717772736265005,-74.00787970866399,40.717772736265005,-74.00787970866399
4,174,5,2,48,40.712038157074296,-74.01607915192929,40.717772736265005,-74.00787970866399
4,2287,5,36,19,40.7580280435261,-73.977697931224,40.7325790730268,-73.9943047705117
7,838,5,13,19,40.7276201959094,-73.9859374568246,40.7325790730268,-73.9943047705117
4,1783,5,28,19,40.766948216383,-73.9596347414917,40.7325790730268,-73.9943047705117
6,397,5,6,19,40.782478099747706,-73.96555356545909,40.7325790730268,-73.9943047705117
6,3736,5,59,19,40.7345760073316,-74.00287495910841,40.7325790730268,-73.9943047705117
7,2350,5,37,19,40.7566876521886,-73.9723559435203,40.7325790730268,-73.9943047705117
5,964,5,15,19,40.703357903236,-74.0115150292232,40.7325790730268,-73.9943047705117
4,3043,5,48,19,40.717772736265005,-74.00787970866399,40.7325790730268,-73.9943047705117
3,2224,5,35,19,40.7350354006965,-74.0089841047853,40.7325790730268,-73.9943047705117
5,2224,5,35,19,40.7350354006965,-74.0089841047853,40.7325790730268,-73.9943047705117
3,1972,5,31,19,40.7208888934451,-73.99691854183821,40.7325790730268,-73.9943047705117
7,2294,5,36,26,40.7580280435261,-73.977697931224,40.740438978596295,-73.9764947237677
7,3239,5,51,26,40.7403374417568,-73.9904578235473,40.740438978596295,-73.9764947237677
2,845,5,13,26,40.7276201959094,-73.9859374568246,40.740438978596295,-73.9764947237677
7,845,5,13,26,40.7276201959094,-73.9859374568246,40.740438978596295,-73.9764947237677
7,1223,5,19,26,40.7325790730268,-73.9943047705117,40.740438978596295,-73.9764947237677
6,2105,5,33,26,40.7979619930999,-73.96816833309241,40.740438978596295,-73.9764947237677
2,2609,5,41,26,40.7477457936437,-73.9784915996522,40.740438978596295,-73.9764947237677
3,2609,5,41,26,40.7477457936437,-73.9784915996522,40.740438978596295,-73.9764947237677
7,2609,5,41,26,40.7477457936437,-73.9784915996522,40.740438978596295,-73.9764947237677
3,1097,5,17,26,40.7535127587255,-73.9887865991153,40.740438978596295,-73.9764947237677
7,1097,5,17,26,40.7535127587255,-73.9887865991153,40.740438978596295,-73.9764947237677
4,3050,5,48,26,40.717772736265005,-74.00787970866399,40.740438978596295,-73.9764947237677
3,3236,5,51,23,40.7403374417568,-73.9904578235473,40.726290410281,-74.0074858180095
4,842,5,13,23,40.7276201959094,-73.9859374568246,40.726290410281,-74.0074858180095
4,842,5,13,23,40.7276201959094,-73.9859374568246,40.726290410281,-74.0074858180095
2,2480,5,39,23,40.7485746293565,-73.9851563946769,40.726290410281,-74.0074858180095
4,1157,5,18,23,40.736824057618705,-73.9840521326891,40.726290410281,-74.0074858180095
6,2554,5,40,34,40.8094569611251,-73.9617635968292,40.8179751476293,-73.9537822370562
6,223,5,3,34,40.8019704938994,-73.9654795151697,40.8179751476293,-73.9537822370562
7,1105,5,17,34,40.7535127587255,-73.9887865991153,40.8179751476293,-73.9537822370562
5,349,5,5,34,40.818257861119,-73.94077166756259,40.8179751476293,-73.9537822370562
3,2525,5,40,5,40.8094569611251,-73.9617635968292,40.818257861119,-73.94077166756259
6,194,5,3,5,40.8019704938994,-73.9654795151697,40.818257861119,-73.94077166756259
6,3281,5,52,5,40.7804364371898,-73.9570116983574,40.818257861119,-73.94077166756259
2,3722,5,59,5,40.7345760073316,-74.00287495910841,40.818257861119,-73.94077166756259
2,1013,5,16,5,40.742278629012105,-73.99697141558359,40.818257861119,-73.94077166756259
7,2336,5,37,5,40.7566876521886,-73.9723559435203,40.818257861119,-73.94077166756259
4,2549,5,40,29,40.8094569611251,-73.9617635968292,40.7736332930269,-73.98153220639179
6,2045,5,32,29,40.718938359380104,-73.9908962618473,40.7736332930269,-73.98153220639179
2,1856,5,29,29,40.7736332930269,-73.98153220639179,40.7736332930269,-73.98153220639179
6,1856,5,29,29,40.7736332930269,-73.98153220639179,40.7736332930269,-73.98153220639179
3,533,5,8,29,40.7622527553192,-73.989844643133,40.7736332930269,-73.98153220639179
7,407,5,6,29,40.782478099747706,-73.96555356545909,40.7736332930269,-73.98153220639179
2,3683,5,58,29,40.7533090659832,-74.0040151252867,40.7736332930269,-73.98153220639179
2,1919,5,30,29,40.775965228760796,-73.987645549444,40.7736332930269,-73.98153220639179
5,2423,5,38,29,40.7644214057866,-73.9775686822272,40.7736332930269,-73.98153220639179
6,2051,5,32,35,40.718938359380104,-73.9908962618473,40.7350354006965,-74.0089841047853
4,2114,5,33,35,40.7979619930999,-73.96816833309241,40.7350354006965,-74.0089841047853
7,3752,5,59,35,40.7345760073316,-74.00287495910841,40.7350354006965,-74.0089841047853
7,3752,5,59,35,40.7345760073316,-74.00287495910841,40.7350354006965,-74.0089841047853
7,3689,5,58,35,40.7533090659832,-74.0040151252867,40.7350354006965,-74.0089841047853
6,665,5,10,35,40.7484275550655,-73.9999174202472,40.7350354006965,-74.0089841047853
6,665,5,10,35,40.7484275550655,-73.9999174202472,40.7350354006965,-74.0089841047853
5,1925,5,30,35,40.775965228760796,-73.987645549444,40.7350354006965,-74.0089841047853
4,1043,5,16,35,40.742278629012105,-73.99697141558359,40.7350354006965,-74.0089841047853
7,1043,5,16,35,40.742278629012105,-73.99697141558359,40.7350354006965,-74.0089841047853
6,2366,5,37,35,40.7566876521886,-73.9723559435203,40.7350354006965,-74.0089841047853
3,2240,5,35,35,40.7350354006965,-74.0089841047853,40.7350354006965,-74.0089841047853
7,2240,5,35,35,40.7350354006965,-74.0089841047853,40.7350354006965,-74.0089841047853
4,2744,5,43,35,40.7090727427929,-74.003664563299,40.7350354006965,-74.0089841047853
6,2060,5,32,44,40.718938359380104,-73.9908962618473,40.7238881100415,-74.0015375656563
2,3761,5,59,44,40.7345760073316,-74.00287495910841,40.7238881100415,-74.0015375656563
2,3761,5,59,44,40.7345760073316,-74.00287495910841,40.7238881100415,-74.0015375656563
7,674,5,10,44,40.7484275550655,-73.9999174202472,40.7238881100415,-74.0015375656563
3,2438,5,38,44,40.7644214057866,-73.9775686822272,40.7238881100415,-74.0015375656563
3,926,5,14,44,40.7068084516657,-74.00749598562429,40.7238881100415,-74.0015375656563
3,3068,5,48,44,40.717772736265005,-74.00787970866399,40.7238881100415,-74.0015375656563
7,1997,5,31,44,40.7208888934451,-73.99691854183821,40.7238881100415,-74.0015375656563
7,2018,5,32,2,40.718938359380104,-73.9908962618473,40.712038157074296,-74.01607915192929
6,3719,5,59,2,40.7345760073316,-74.00287495910841,40.712038157074296,-74.01607915192929
2,2396,5,38,2,40.7644214057866,-73.9775686822272,40.712038157074296,-74.01607915192929
3,2396,5,38,2,40.7644214057866,-73.9775686822272,40.712038157074296,-74.01607915192929
3,2207,5,35,2,40.7350354006965,-74.0089841047853,40.712038157074296,-74.01607915192929
7,825,5,13,6,40.7276201959094,-73.9859374568246,40.782478099747706,-73.96555356545909
2,1140,5,18,6,40.736824057618705,-73.9840521326891,40.782478099747706,-73.96555356545909
2,768,5,12,12,40.790010751495295,-73.94575026755159,40.790010751495295,-73.94575026755159
6,1839,5,29,12,40.7736332930269,-73.98153220639179,40.790010751495295,-73.94575026755159
3,516,5,8,12,40.7622527553192,-73.989844643133,40.790010751495295,-73.94575026755159
7,3918,5,62,12,40.7787658554342,-73.9510098748181,40.790010751495295,-73.94575026755159
5,1776,5,28,12,40.766948216383,-73.9596347414917,40.790010751495295,-73.94575026755159
2,3729,5,59,12,40.7345760073316,-74.00287495910841,40.790010751495295,-73.94575026755159
7,2469,5,39,12,40.7485746293565,-73.9851563946769,40.790010751495295,-73.94575026755159
7,1965,5,31,12,40.7208888934451,-73.99691854183821,40.790010751495295,-73.94575026755159
7,582,5,9,15,40.766237725041705,-73.9951352207552,40.703357903236,-74.0115150292232
6,1653,5,26,15,40.740438978596295,-73.9764947237677,40.703357903236,-74.0115150292232
5,1884,5,29,57,40.7736332930269,-73.98153220639179,40.8417087711194,-73.94139910573641
5,561,5,8,57,40.7622527553192,-73.989844643133,40.8417087711194,-73.94139910573641
5,3585,5,56,57,40.857108283314204,-73.932831487613,40.8417087711194,-73.94139910573641
4,1872,5,29,45,40.7736332930269,-73.98153220639179,40.7318206360166,-73.9765976732334
4,549,5,8,45,40.7622527553192,-73.989844643133,40.7318206360166,-73.9765976732334
5,675,5,10,45,40.7484275550655,-73.9999174202472,40.7318206360166,-73.9765976732334
5,1179,5,18,45,40.736824057618705,-73.9840521326891,40.7318206360166,-73.9765976732334
7,1870,5,29,43,40.7736332930269,-73.98153220639179,40.7090727427929,-74.003664563299
2,3760,5,59,43,40.7345760073316,-74.00287495910841,40.7090727427929,-74.003664563299
3,2437,5,38,43,40.7644214057866,-73.9775686822272,40.7090727427929,-74.003664563299
5,925,5,14,43,40.7068084516657,-74.00749598562429,40.7090727427929,-74.003664563299
2,3067,5,48,43,40.717772736265005,-74.00787970866399,40.7090727427929,-74.003664563299
4,1996,5,31,43,40.7208888934451,-73.99691854183821,40.7090727427929,-74.003664563299
7,1246,5,19,49,40.7325790730268,-73.9943047705117,40.7147325069392,-73.9830245583348
7,2443,5,38,49,40.7644214057866,-73.9775686822272,40.7147325069392,-73.9830245583348
6,1183,5,18,49,40.736824057618705,-73.9840521326891,40.7147325069392,-73.9830245583348
5,2002,5,31,49,40.7208888934451,-73.99691854183821,40.7147325069392,-73.9830245583348
3,560,5,8,56,40.7622527553192,-73.989844643133,40.857108283314204,-73.932831487613
6,560,5,8,56,40.7622527553192,-73.989844643133,40.857108283314204,-73.932831487613
6,2450,5,38,56,40.7644214057866,-73.9775686822272,40.857108283314204,-73.932831487613
6,3836,5,60,56,40.7091389406717,-74.01302277174901,40.857108283314204,-73.932831487613
2,3468,5,55,3,40.7839614303136,-73.97863194845091,40.8019704938994,-73.9654795151697
2,3468,5,55,3,40.7839614303136,-73.97863194845091,40.8019704938994,-73.9654795151697
7,2586,5,41,3,40.7477457936437,-73.9784915996522,40.8019704938994,-73.9654795151697
5,2397,5,38,3,40.7644214057866,-73.9775686822272,40.8019704938994,-73.9654795151697
4,3405,5,54,3,40.791704934426896,-73.97304890061591,40.8019704938994,-73.9654795151697
